nbrdesc,combined_ht,avg_ht,combined_diam,avg_diam
NA,150,37.5,77.1,19.27
abell,10519,24.46,4195.4,9.76
allendale,7841,33.94,3889.3,16.84
arcadia,9618,24.41,3919.7,9.95
arlington,4036,27.46,1983.3,13.49
armistead gardens,1440,24.41,642.6,10.89
ashburton,34960,39.68,16313.9,18.52
baltimore highlands,5878,14.3,1934.3,4.71
barclay,16164,23.12,5852.5,8.37
barre circle,6348,26.45,2612.9,10.89
bayview,4444,20.86,1872.5,8.79
beechfield,4350,33.98,2155.6,16.84
belair-edison,34371,26.54,15337.6,11.84
belair-parkside,235,29.38,121.1,15.14
bellona-gittings,4864,27.79,2395.1,13.69
belvedere,3938,28.74,2172.9,15.86
berea,9779,15.7,3085.5,4.95
better waverly,12566,22.89,6359.53,11.58
beverly hills,9724,23.89,4199.4,10.32
biddle street,5810,21.36,2129.7,7.83
blythewood,616,30.8,260.8,13.04
bolton hill,39382,26.65,15344.7,10.38
boyd-booth,2944,26.29,814.7,7.27
brewers hill,7875,20.04,2470.4,6.29
bridgeview/greenlawn,4134,22.97,2117,11.76
broadway east,8481,21.97,3682,9.54
broening manor,2228,21.84,830.2,8.14
brooklyn,44561,22.52,21295.49,10.76
burleith-leighton,2714,31.56,1290.8,15.01
butcher's hill,14806,25.27,4905.3,8.37
callaway-garrison,7834,32.64,4383,18.26
cameron village,3488,37.91,2021.8,21.98
canton,61556,21.91,23554.5,8.39
canton industrial area,3578,16.12,1141.7,5.14
care,7162,17.99,2197.17,5.52
carroll - camden industrial area,15437,22.08,4908.23,7.02
carroll park,24552,28.48,12494.7,14.5
carroll-south hilton,7562,19.9,2625.8,6.91
carrollton ridge,9165,18.67,2623.6,5.34
cedarcroft,12079,35.53,6121.1,18
cedmont,6877,30.84,3823.6,17.15
cedonia,8386,25.26,2897.9,8.73
central forest park,3644,40.49,1685.7,18.73
central park heights,17098,26.76,8282.8,12.96
charles north,7154,20.68,2526.8,7.3
charles village,32644,23.22,11001.9,7.82
cherry hill,10636,25.57,5064.4,12.17
cheswolde,31254,45.43,12079.3,17.56
chinquapin park,4785,28.15,2558.1,15.05
clifton park,38085,23.8,16236.8,10.15
coldspring,27178,27.26,12336.8,12.37
coldstream homestead montebello,19197,23.13,10562.33,12.73
concerned citizens of forest park,2556,35.5,1407.9,19.55
coppin heights/ash-co-east,9516,22.93,4134.1,9.96
cross country,24803,42.91,10976.6,18.99
cross keys,2442,20.02,1355.7,11.11
curtis bay,10249,27.11,4971.4,13.15
curtis bay industrial area,40,40,29.7,29.7
cylburn,6980,35.79,3228,16.55
darley park,2975,23.06,1216.3,9.43
dickeyville,995,32.1,427.3,13.78
dolfield,6481,35.61,3153.9,17.33
dorchester,6019,42.99,2877.95,20.56
downtown,20732,22.15,6378.6,6.81
downtown west,2597,21.11,791.3,6.43
druid heights,8655,20.17,3522.4,8.21
druid hill park,116966,34.67,59145.425,17.53
dunbar-broadway,9914,18.5,3803.69,7.1
east arlington,6690,43.44,3481.2,22.61
east baltimore midway,11719,20.7,4747.4,8.39
easterwood,3226,17.73,1522,8.36
eastwood,286,15.05,121.7,6.41
edgewood,6007,31.62,3118.5,16.41
edmondson village,8051,28.65,4028.9,14.34
ednor gardens-lakeside,27865,26.07,12344.2,11.55
ellwood park/monument,13712,15.94,4387.55,5.1
evergreen,8960,31.44,3604.6,12.65
evergreen lawn,3235,27.42,1639.5,13.89
evesham park,9571,35.19,4246.7,15.61
fairfield area,6192,27.16,3098,13.59
fairmont,6743,41.37,3969.1,24.35
fallstaff,8952,34.43,4174.6,16.06
federal hill,18755,24.42,7324.9,9.54
fells point,19985,20.97,7643.6,8.02
forest park,5551,32.09,3216.5,18.59
forest park golf course,8150,39.95,3800.7,18.63
four by four,710,33.81,337.3,16.06
frankford,37321,25.54,14325.95,9.81
franklin square,16261,25.41,6304.3,9.85
franklintown,34128,35.22,15448.2,15.94
franklintown road,5090,35.1,2515.2,17.35
garwyn oaks,5851,31.46,3088.2,16.6
gay street,7324,22.33,3793.3,11.56
glen,27132,40.98,12773.5,19.3
glen oaks,21973,29.65,11116.9,15
glenham-belhar,12867,32.74,6450.5,16.41
graceland park,7541,20.83,2923.9,8.08
greektown,9735,17.17,3115.2,5.49
greenmount cemetery,708,14.45,193.5,3.95
greenmount west,8311,24.09,2541.2,7.37
greenspring,6194,32.43,3293.3,17.24
grove park,7640,35.87,3359.09,15.77
guilford,66892,31.16,29283.1,13.64
gwynns falls,3354,15.11,1185.9,5.34
gwynns falls/leakin park,11670,33.92,4056.1,11.79
hamilton hills,32903,26.64,14337.1,11.61
hampden,34527,26.2,15611,11.84
hanlon-longwood,22314,36.46,12147,19.85
harlem park,29798,24.34,13185.9,10.77
harwood,8100,22.19,2781.1,7.62
hawkins point,2966,20.6,1648.5,11.45
heritage crossing,14805,24.31,4550.9,7.47
herring run park,13913,25.86,6902.7,12.83
highlandtown,10829,16.51,3842.6,5.86
hillen,5449,38.1,2919.2,20.41
hoes heights,4038,32.05,1620.1,12.86
holabird industrial park,10998,17.35,4440.7,7
hollins market,14443,25.38,4794.9,8.43
homeland,44475,30.89,25387.89,17.63
hopkins bayview,7418,18.14,3044.1,7.44
howard park,40128,30.8,19116.8,14.67
hunting ridge,16771,36.14,6689.5,14.42
idlewood,9228,33.56,5096.8,18.53
inner harbor,9769,20.57,3303,6.95
irvington,16832,26.76,6659.8,10.59
johns hopkins homewood,10282,30.88,5218.6,15.67
johnston square,6762,24.68,2851.5,10.41
jones falls area,386,17.55,175.2,7.96
jonestown,8740,20.37,3473.75,8.1
kenilworth park,2206,26.26,1652.19,19.67
kernewood,4372,25.13,2106.27,12.11
keswick,7910,35.95,3463,15.74
kresson,1615,29.91,846.2,15.67
lake evesham,2794,17.91,1635.8,10.49
lake walker,10837,35.07,4905,15.87
lakeland,7783,33.69,3042.9,13.17
langston hughes,2008,33.47,1136.1,18.93
lauraville,21423,30.56,9704,13.84
levindale,5889,28.87,2477,12.14
liberty square,3265,28.89,1526.5,13.51
little italy,2747,20.81,1011.8,7.67
loch raven,12435,31.01,7419.3,18.5
locust point,10291,20.06,4738.3,9.24
locust point industrial area,5027,16.59,1785.9,5.89
lower edmondson village,794,30.54,457.5,17.6
lower herring run park,8989,20.25,3215.3,7.24
loyola/notre dame,1216,34.74,533.8,15.25
lucille park,3591,25.65,1573.2,11.24
madison park,18309,27.04,7431.9,10.98
madison-eastend,6434,14.27,1846.6,4.09
mayfield,11804,28.79,5288.4,12.9
mcelderry park,13595,18.1,4561.2,6.07
medfield,7810,32.41,3403.5,14.12
medford,2925,24.38,1558.7,12.99
mid-govans,5869,16.39,2749.3,7.68
mid-town belvedere,26913,25.88,7656.4,7.36
middle branch/reedbird parks,24342,17.73,9455.51,6.89
middle east,10550,17.15,2985.4,4.85
midtown-edmondson,6183,23.33,2408.2,9.09
millhill,4085,27.79,1460.7,9.94
milton-montford,4421,15.3,1080.3,3.74
mondawmin,11206,20.6,4988.1,9.17
montebello,6685,25.91,2992.9,11.6
moravia-walther,5384,25.52,2610.3,12.37
morgan park,3896,35.1,1963.9,17.69
morgan state university,4685,24.15,1986.1,10.24
morrell park,14944,27.32,6276.1,11.47
mosher,6143,33.03,3163.4,17.01
mount holly,3204,32.36,2034,20.55
mount vernon,24658,23.33,8208.69,7.77
mount washington,62672,38.19,25211.7,15.36
mount winans,3774,37,1469.9,14.41
mt pleasant park,4016,20.92,1450.9,7.56
new northwood,9477,18.66,5181.1,10.2
new southwest/mount clare,7854,19.88,2693.4,6.82
north harford road,16093,31.37,7447.4,14.52
north roland park/poplar hill,12538,37.65,5210.2,15.65
northwest community action,4845,29.19,2217.7,13.36
o'donnell heights,746,14.35,117.2,2.25
oakenshawe,11769,26.39,4936.5,11.07
oaklee,377,23.56,202.8,12.68
old goucher,6875,19.76,2224.4,6.39
oldtown,8012,23.43,4042.3,11.82
oliver,18245,19.31,7599.3,8.04
orangeville,3855,22.81,1770.7,10.48
orangeville industrial area,2977,18.15,952.6,5.81
orchard ridge,5215,18.76,1474.6,5.3
original northwood,10749,33.07,4815,14.82
otterbein,9674,25.87,3603.1,9.63
overlea,7755,38.77,3415.5,17.08
panway/braddish avenue,4389,32.51,2488.6,18.43
park circle,11468,30.75,5413.2,14.51
parklane,7528,42.77,2877.4,16.35
parkside,485,12.76,165,4.34
parkview/woodbrook,10455,22.2,4951.9,10.51
patterson park,46635,25.36,24658,13.41
patterson park neighborhood,17846,16.24,6091.9,5.54
patterson place,4714,19.64,1570.1,6.54
pen lucy,2494,22.07,1224.31,10.83
penn north,5801,21.97,2559.1,9.69
penn-fallsway,2282,19.5,1211.995,10.36
penrose/fayette street outreach,7955,25.58,3111,10
perkins homes,2671,19.5,1089.8,7.95
perring loch,9805,31.43,5646,18.1
pimlico good neighbors,4911,26.12,2102.1,11.18
pleasant view gardens,1154,17.22,480.3,7.17
poppleton,16266,26.19,5490.5,8.84
port covington,2335,13.65,1085.1,6.35
pulaski industrial area,11884,22.09,5166,9.6
purnell,249,35.57,70,10
radnor-winston,5171,27.07,2630.5,13.77
ramblewood,8127,26.05,4624.8,14.82
reisterstown station,5668,36.33,2356.8,15.11
remington,19587,29.15,6783.9,10.1
reservoir hill,32508,22.36,13805.7,9.49
richnor springs,197,24.62,150.4,18.8
ridgely's delight,11224,27.18,4734.15,11.46
riverside,34715,23.04,14538.25,9.65
rognel heights,8545,29.67,4468.5,15.52
roland park,100971,34.7,42367.13,14.56
rosebank,2980,27.09,1617.5,14.7
rosemont,11248,42.13,5393.7,20.2
rosemont east,10535,43.71,4859.1,20.16
rosemont homeowners/tenants,1654,25.45,761.5,11.72
sabina-mattfeldt,5236,30.44,2103.93,12.23
saint agnes,1678,39.02,752.7,17.5
saint helena,646,30.76,327.8,15.61
saint josephs,3404,29.6,1635,14.22
saint paul,1015,14.5,334.6,4.78
sandtown-winchester,27100,21.96,10801.6,8.75
seton business park,3819,34.1,1620.2,14.47
seton hill,13713,28.51,6455.9,13.42
sharp-leadenhall,8907,21.62,3321.7,8.06
shipley hill,6158,21.09,1966.8,6.74
south baltimore,9800,21.26,3282.8,7.12
south clifton park,2788,24.46,1124,9.86
spring garden industrial area,703,24.24,239.1,8.24
stadium area,2615,25.14,1043.2,10.03
stonewood-pentwood-winston,2190,35.9,1421.3,23.3
taylor heights,445,29.67,155.6,10.37
ten hills,12454,39.29,5293.1,16.7
the orchards,9456,26.27,5210.8,14.47
towanda-grantley,3246,34.9,1737.7,18.68
tremont,1979,38.8,818.7,16.05
tuscany-canterbury,10049,28.88,4375,12.57
union square,11770,25.31,4115.3,8.85
university of maryland,12235,24.23,4093.4,8.11
uplands,8112,21.29,2014.36,5.29
upper fells point,18710,26.35,6491,9.14
upton,19319,24.9,8433.6,10.87
violetville,12790,35.73,5801,16.2
wakefield,981,31.65,371.1,11.97
walbrook,10103,25.91,5256.3,13.48
waltherson,17015,30.33,8603.04333,15.34
washington hill,15796,24.57,6450.85,10.03
washington village/pigtown,21664,20.34,8174.8,7.68
waverly,9405,28.59,4447.1,13.52
west arlington,11919,46.38,5554.7845,21.61
west forest park,10430,37.38,5081.3,18.21
west hills,9030,35.55,3977.3,15.66
westfield,9657,28.32,4410.8,12.93
westgate,16566,45.64,7073.7,19.49
westport,8560,19.45,4532.905,10.3
wilhelm park,2178,30.68,1080.1,15.21
wilson park,1463,20.9,909.4,12.99
winchester,2982,36.81,1492.7,18.43
windsor hills,8092,36.45,3929.5,17.7
winston-govans,1106,22.57,773.7,15.79
woodberry,6775,24.55,2902.6,10.52
woodbourne heights,6121,21.48,3153.1,11.06
woodbourne-mccabe,880,22.56,637.7,16.35
woodmere,4959,32.84,2446.5,16.2
wrenlane,252,21,167.3,13.94
wyman park,13630,26.83,6215.52,12.24
wyndhurst,15307,26.9,6594.2,11.59
yale heights,6441,37.45,3460.9,20.12
york-homeland,243,18.69,96.2,7.4
